Key,GetIt citation,# links: common,# links: Ariadne only,# links: GetIt only,# links: Ariadne total,# links: GetIt total,# links: All Total,% total: Ariadne,% total: GetIt,ARIADNE: HTTP_400_BAD_REQUEST,GETIT: PAGE_NOT_FOUND,GETIT: PROBABLE_HTTP_400_BAD_REQUEST,GETIT: SORRY_SOMETHING_HAS_GONE_WRONG
getit.library.nyu.edu/resolve?=&rft_val_fmt=info:ofi/fmt:kev:mtx:journal&rft.spage=19&rft.epage=36&rft.title=Thinking+with+Borges&rft.aulast=Gingerich&rft.date=2009&rft.artnum=1042&url_ctx_fmt=info:ofi/fmt:kev:mtx:ctx&rft.aufirst=Stephen&url_ver=Z39.88-2004&sid=bepress:DigitalCommons&rft.atitle=Nothing+and+everything+:+theoretical+and+practical+nihilism+in+Borges&rft.genre=article,"Article | Nothing and everything theoretical and practical nihilism in Borges | Gingerich Stephen 2009 | Published in Journal Thinking with Borges Page 19 36. | ",0,0,0,0,0,0,n/a,n/a,0,0,0,0
getit.library.nyu.edu/resolve??charset=utf-8&spage=107955&atitle=The role of pubertal timing in the link between family history of alcohol use disorder and late adolescent substance use&jtitle=Drug and Alcohol Dependence&title=Drug and Alcohol Dependence&issn=0376-8716&volume=210&date=2020&genre=article,Article | The role of pubertal timing in the link between family history of alcohol use disorder and late adolescent substance use | 2020 | Published in Journal Drug and Alcohol Dependence Volume 210 Page 107955. | ISSN:0376-8716,1,0,0,1,1,2,50,50,0,0,0,0
getit.library.nyu.edu/resolve??ctx_ver=Z39.88-2004&ctx_enc=info:ofi/enc:UTF-8&url_ver=Z39.88-2004&rfr_id=info:sid/Elsevier:SD&svc_val_fmt=info:ofi/fmt:kev:mtx:sch_svc&rft_val_fmt=info:ofi/fmt:kev:mtx:journal&rft.aulast=GILES&rft.auinit=C&rft.date=2021&rft.issn=02624079&rft.volume=250&rft.issue=3341&rft.spage=14&rft.title=New Scientist&rft.atitle=Covid-19 vaccines and periods&rft_id=info:doi/10.1016/S0262-4079(21)01125-8,Article | Covid-19 vaccines and periods | GILES 2021 | Published in Journal New Scientist Volume 250 Issue 3341 Page 14. | ISSN:0262-4079,2,2,1,4,3,7,57,43,0,0,0,0
getit.library.nyu.edu/resolve??ctx_ver=Z39.88-2004&ctx_enc=info:ofi/enc:UTF-8&url_ver=Z39.88-2004&rfr_id=info:sid/Elsevier:SD&svc_val_fmt=info:ofi/fmt:kev:mtx:sch_svc&rft_val_fmt=info:ofi/fmt:kev:mtx:journal&rft.aulast=JACOB&rft.auinit=G&rft.date=2005&rft.issn=00256196&rft.volume=80&rft.issue=5&rft.spage=611&rft.epage=614&rft.title=Mayo Clinic Proceedings&rft.atitle=Postural Pseudoanemia: Posture-Dependent Change in Hematocrit&rft_id=info:doi/10.4065/80.5.611,Article | Postural Pseudoanemia Posture-Dependent Change in Hematocrit | JACOB 2005 | Published in Journal Mayo Clinic Proceedings Volume 80 Issue 5 Page 611 614. | ISSN:0025-6196,2,1,1,3,3,6,50,50,0,0,0,0
"getit.library.nyu.edu/resolve??ctx_ver=Z39.88-2004&ctx_enc=info:ofi/enc:UTF-8&url_ver=Z39.88-2004&rfr_id=info:sid/Elsevier:SD&svc_val_fmt=info:ofi/fmt:kev:mtx:sch_svc&rft_val_fmt=info:ofi/fmt:kev:mtx:journal&rft.aulast=LAZARTIGUES&rft.auinit=A&rft.date=2007&rft.issn=00137006&rft.volume=33&rft.issue=3&rft.spage=293&rft.epage=299&rft.title=L'Enc\u00e9phale&rft.atitle=Nouvelle soci\u00e9t\u00e9, nouvelles familles : nouvelle personnalit\u00e9 de base ?: De la personnalit\u00e9 n\u00e9vrotique \u00e0 la personnalit\u00e9 narcissico-h\u00e9doniste&rft_id=info:doi/10.1016/S0013-7006(07)92042-4",Article | Nouvelle soci\u00e9t\u00e9 nouvelles familles nouvelle personnalit\u00e9 de base De la personnalit\u00e9 n\u00e9vrotique u00e0 la personnalit\u00e9 narcissico-h\u00e9doniste | LAZARTIGUES 2007 | Published in Journal L'Enc\u00e9phale Volume 33 Issue 3 Page 293 299. | ISSN:0013-7006,0,0,0,0,0,0,n/a,n/a,0,0,0,0
getit.library.nyu.edu/resolve??ctx_ver=Z39.88-2004&ctx_enc=info:ofi/enc:UTF-8&url_ver=Z39.88-2004&rfr_id=info:sid/Elsevier:SD&svc_val_fmt=info:ofi/fmt:kev:mtx:sch_svc&rft_val_fmt=info:ofi/fmt:kev:mtx:journal&rft.aulast=MAVROS&rft.auinit=M&rft.date=2020&rft.issn=1365182X&rft.title=HPB&rft.atitle=Risk of venous thromboembolism in patients with elevated INR undergoing hepatectomy: an analysis of the American college of surgeons national surgical quality improvement program registry&rft_id=info:doi/10.1016/j.hpb.2020.10.016,Article | Risk of venous thromboembolism in patients with elevated INR undergoing hepatectomy an analysis of the American college of surgeons national surgical quality improvement program registry | MAVROS 2020 | Published in Journal HPB Volume 23 Issue 7 Page 1008 1015. | ISSN:1365-182X,0,1,1,1,1,2,50,50,0,0,0,0
getit.library.nyu.edu/resolve??ctx_ver=Z39.88-2004&ctx_enc=info:ofi/enc:UTF-8&url_ver=Z39.88-2004&rfr_id=info:sid/Elsevier:SD&svc_val_fmt=info:ofi/fmt:kev:mtx:sch_svc&rft_val_fmt=info:ofi/fmt:kev:mtx:journal&rft.aulast=SIRIN&rft.auinit=S&rft.date=2019&rft.issn=00313955&rft.isbn=9780323678681&rft.volume=66&rft.issue=3&rft.spage=641&rft.epage=653&rft.title=Pediatric Clinics of North America&rft.atitle=Acculturative Stress and Mental Health: Implications for Immigrant-Origin Youth&rft_id=info:doi/10.1016/j.pcl.2019.02.010,Book Chapter | Acculturative Stress and Mental Health Implications for Immigrant-Origin Youth | Stephen Ludwig 2019 | Published in Book Pediatric Clinics of North America Volume 66 Issue 3 Page 641 653. | Publisher:Elsevier ISSN:0031-3955 ISBN:9780323678681,0,0,0,0,0,0,n/a,n/a,0,0,0,0
getit.library.nyu.edu/resolve??ctx_ver=Z39.88-2004&rft_val_fmt=info:ofi/fmt:kev:mtx:book&rfr_id=info:sid/credoreference:credoreference&rft.genre=book&rft.btitle=War against the weak: Eugenics and America\u2019s campaign to create a master race&rft.date=2003&rft.aulast=Black&rft.aufirst=E.,"Book | War against the weak Eugenics and America\u2019s campaign to create a master race | Black E 2003 |  | ",0,0,0,0,0,0,n/a,n/a,0,0,0,0
getit.library.nyu.edu/resolve??genre=book&title=The Archaeology of the Israelite Settlement&atitle=&aulast=Finkelstein&aufirst=I.&volume=&issue=&pages=&date=1988,"Journal | The Archaeology of the Israelite Settlement | Finkelstein I 1988 |  | ",0,0,0,0,0,0,n/a,n/a,0,0,0,0
"getit.library.nyu.edu/resolve?ctx_ver=Z39.88-2004&ctx_enc=info:ofi/enc:UTF-8&ctx_tim=2018-03-21T17:15:32IST&url_ver=Z39.88-2004&url_ctx_fmt=infofi/fmt:kev:mtx:ctx&rfr_id=info:sid/primo.exlibrisgroup.com:primo-nyu_aleph004220605&rft_val_fmt=info:ofi/fmt:kev:mtx:book&rft.genre=book&rft.jtitle=&rft.btitle=Embodied cognition and cinema&rft.aulast=Co\u00ebgnarts&rft.aufirst=Maarten,&rft.auinit=&rft.auinit1=&rft.auinitm=&rft.ausuffix=&rft.au=&rft.aucorp=&rft.volume=&rft.issue=&rft.part=&rft.quarter=&rft.ssn=&rft.spage=&rft.epage=&rft.pages=&rft.artnum=&rft.pub=&rft.place=&rft.issn=&rft.eissn=&rft.isbn=9789462700284&rft.sici=&rft.coden=&rft_id=info:doi/&rft.object_id=&rft.primo=nyu_aleph004220605&rft.eisbn=&rft_dat=<nyu_aleph>004220605</nyu_aleph><grp_id>542952551</grp_id><oa></oa><url></url>&rft_id=info:oai/&req.language=eng",Book | Embodied cognition and cinema | Peter Kravanja 2015 |  | Publisher:Leuven University Press ISBN:9789462700284,0,0,0,0,0,0,n/a,n/a,0,0,0,0
"getit.library.nyu.edu/resolve?forcedownload=1&umlaut.referent_id=18984874&url_ver=Z39.88-2004&url_ctx_fmt=info:ofi/fmt:kev:mtx:ctx&ctx_ver=Z39.88-2004&ctx_tim=2022-05-12T10:22:46-04:00&ctx_id=&ctx_enc=info:ofi/enc:UTF-8&rft.atitle=\u201cThey\u2019ll+always+find+a+way+to+get+to+you\u201d:+Technology+use+in+adolescent+romantic+relationships+and+its+role+in+dating+violence+and+abuse&rft.au=Stonard,+Karlie+E&rft.aufirst=Karlie&rft.auinit=KE&rft.auinitm=E&rft.aulast=Stonard&rft.date=2017&rft.day=24&rft.doi=10.1177/0886260515590787&rft.eissn=1552-6518&rft.epage=2117&rft.genre=article&rft.issn=0886-2605&rft.issue=14&rft.issue_start=14&rft.jtitle=Journal+of+Interpersonal+Violence&rft.language=fre&rft.lccn=++2004214922&rft.month=07&rft.object_id=954925552378&rft.oclcnum=12879051&rft.place=UNITED+STATES&rft.pub=Sage+Publications&rft.spage=2083&rft.stitle=J+INTERPERS+VIOLENCE&rft.title=Journal+of+interpersonal+violence&rft.volume=32&rft.volume_start=32&rft_val_fmt=info:ofi/fmt:kev:mtx:journal&rft_id=info:doi/10.1177/0886260515590787&rfr_id=info:sid/google",Article | \u201cThey\u2019ll always find a way to get to you\u201d Technology use in adolescent romantic relationships and its role in dating violence and abuse | Stonard Karlie E 2017 | Published in Journal Journal of interpersonal violence Volume 32 Issue 14 Page 2083 2117. | ISSN:0886-2605,0,1,1,1,1,2,50,50,0,0,0,0
"getit.library.nyu.edu/resolve?genre=article&isbn=&issn=00207284&title=INTERNATIONAL JOURNAL OF GROUP PSYCHOTHERAPY&volume=51&issue=3&date=20010101&atitle=Group Process and Group Phenomena on the Internet&aulast=Weinberg, H.&spage=361&sid=EBSCO:British Library Document Supply Centre Inside Serials & Conference Proceedings=&pid=Weinberg, H.RN09835988620010101British Library Document Supply Centre Inside Serials & Conference Proceedings=",Article | Group Process and Group Phenomena on the Internet | Weinberg H 2001 Jan 01 | Published in Journal INTERNATIONAL JOURNAL OF GROUP PSYCHOTHERAPY Volume 51 Issue 3 Page 361. | ISSN:0020-7284,3,0,0,3,3,6,50,50,0,0,0,0
"getit.library.nyu.edu/resolve?genre=article&isbn=&issn=00252913&title=Marg&volume=32&issue=&date=19790301&atitle=Mosques of Kerala\u2014a study of adaptation and re-adaptation of the Islamic tradition.&aulast=KUTTIAMMU, T. P.&spage=85&sid=EBSCO:Art Index Retrospective (H.W. Wilson)&pid=KUTTIAMMU, T. P.51360837619790301Art Index Retrospective (H.W. Wilson)",Article | Mosques of Kerala\u2014a study of adaptation and re-adaptation of the Islamic tradition. | Kuttiammu T P 1979 Mar 01 | Published in Journal Marg Volume 32 Page 85. | ISSN:0025-2913,0,0,0,0,0,0,n/a,n/a,0,0,0,0
getit.library.nyu.edu/resolve?genre=article&isbn=&issn=00368075&title=Science&volume=289&issue=5479&date=20000728&atitle=Primates: A Natural Heritage of Conflict Resolution&aulast=Frans B. M. de Waal&spage=586&sid=EBSCO:JSTOR Journals&pid=Frans B. M. de Waaledsjsr.307752620000728JSTOR Journals,Article | Primates A Natural Heritage of Conflict Resolution | Frans B M de Waal 2000 Jul 28 | Published in Journal Science Volume 289 Issue 5479 Page 586. | ISSN:0036-8075,10,0,0,10,10,20,50,50,0,0,0,0
"getit.library.nyu.edu/resolve?genre=article&isbn=&issn=00489697&title=Science of the Total Environment&volume=752&issue=&date=20210115&atitle=Pesticides and their degradates in groundwater reflect past use and current management strategies, Long Island, New York, USA&aulast=Fisher, Irene J.&spage=&sid=EBSCO:ScienceDirect&pid=Fisher, Irene J.S004896972035424320210115ScienceDirect",Article | Pesticides and their degradates in groundwater reflect past use and current management strategies Long Island New York USA | Fisher Irene J 2021 Jan 15 | Published in Journal Science of the Total Environment Volume 752. | ISSN:0048-9697,1,0,0,1,1,2,50,50,0,0,0,0
"getit.library.nyu.edu/resolve?genre=article&isbn=&issn=01212117&title=Revista de Estudios Colombianos&volume=&issue=44&date=20140701&atitle=Las mujeres de Garc\u00eda M\u00e1rquez: un retrato en sepia.&aulast=Vega Castro, Lyda&spage=27&sid=EBSCO:Complementary Index&pid=Vega Castro, Lyda10924537020140701Complementary Index",Article | Las mujeres de Garc\u00eda M\u00e1rquez un retrato en sepia. | Vega Castro Lyda 2014 Jul 01 | Published in Journal Revista de Estudios Colombianos Issue 44 Page 27. | ISSN:0121-2117,0,0,0,0,0,0,n/a,n/a,0,0,0,0
"getit.library.nyu.edu/resolve?genre=article&isbn=&issn=01625748&title=Review of Higher Education&volume=42&issue=4&date=20190101&atitle=Helping Students Navigate the College Choice Process: The Experiences and Practices of College Advising Professionals in Public High Schools&aulast=Clayton, Ashley B.&spage=1401&sid=EBSCO:ERIC&pid=Clayton, Ashley B.EJ122310220190101ERIC",Article | Helping Students Navigate the College Choice Process The Experiences and Practices of College Advising Professionals in Public High Schools | Clayton Ashley B 2019 Jan 01 | Published in Journal Review of Higher Education Volume 42 Issue 4 Page 1401. | ISSN:0162-5748,3,0,0,3,3,6,50,50,0,0,0,0
"getit.library.nyu.edu/resolve?genre=article&isbn=&issn=01922882&title=THEATRE JOURNAL&volume=71&issue=1&date=20190301&atitle=THE BOYS IN THE BAND.&aulast=Krasner, David&spage=111&sid=EBSCO:Arts & Humanities Citation Index=&pid=Krasner, David00046433680001920190301Arts & Humanities Citation Index=",Article | THE BOYS IN THE BAND. | Krasner David 2019 Mar 01 | Published in Journal THEATRE JOURNAL Volume 71 Issue 1 Page 111. | ISSN:0192-2882,4,0,0,4,4,8,50,50,0,0,0,0
"getit.library.nyu.edu/resolve?genre=article&isbn=&issn=02784319&title=International Journal of Hospitality Management&volume=86&issue=&date=20200401&atitle=The relationship between board diversity and firm performance in the lodging industry: The moderating role of internationalization&aulast=Song, Hyoung Ju&spage=&sid=EBSCO:ScienceDirect&pid=Song, Hyoung JuS027843192030013X20200401ScienceDirect",Article | The relationship between board diversity and firm performance in the lodging industry The moderating role of internationalization | Song Hyoung Ju 2020 Apr 01 | Published in Journal International Journal of Hospitality Management Volume 86. | ISSN:0278-4319,1,0,0,1,1,2,50,50,0,0,0,0
"getit.library.nyu.edu/resolve?genre=article&isbn=&issn=03044092&title=Dialectical Anthropology&volume=42&issue=2&date=20180601&atitle=Antiracism: a neoliberal alternative to a Left.&aulast=Reed, Adolph&spage=105&sid=EBSCO:Alternative Press Index&pid=Reed, AdolphALTP98438220180601Alternative Press Index",Article | Antiracism a neoliberal alternative to a Left. | Reed Adolph 2018 Jun 01 | Published in Journal Dialectical Anthropology Volume 42 Issue 2 Page 105. | ISSN:0304-4092,3,0,0,3,3,6,50,50,0,0,0,0
"getit.library.nyu.edu/resolve?genre=article&isbn=&issn=1004387X&title=\u6295\u8d44\u4e0e\u5408\u4f5c\uff1a\u5b66\u672f\u7248&volume=&issue=10&date=20110101&atitle=Hamlet, the Murderer for His Own Love Tragedy&aulast=\u5f0b\u831c&spage=268&sid=EBSCO:China Science & Technology Journal Database=&pid=\u5f0b\u831cedscqv.4118629220110101China Science & Technology Journal Database=",Article | Hamlet the Murderer for His Own Love Tragedy | \u5f0b\u831c 2011 Jan 01 | Published in Journal u6295\u8d44\u4e0e\u5408\u4f5c\uff1a\u5b66\u672f\u7248 Issue 10 Page 268. | ISSN:1004-387X,1,0,0,1,1,2,50,50,0,0,0,0
getit.library.nyu.edu/resolve?genre=article&isbn=&issn=10045015&title=\u4e2d\u5916\u6587\u5316\u4ea4\u6d41\uff1a\u82f1\u6587\u7248 / China & The World Cultural Exchange=&volume=&issue=2&date=20090101&atitle=Chinese Porcelain Collection in Topkapi Palace: A Witness of Friendship&aulast=&spage=29&sid=EBSCO:China/Asia On Demand&pid=edsocd.caod.553920090200820090101China/Asia On Demand,Article | Chinese Porcelain Collection in Topkapi Palace A Witness of Friendship | 2009 Jan 01 | Published in Journal u4e2d\u5916\u6587\u5316\u4ea4\u6d41\uff1a\u82f1\u6587\u7248 China Issue 2 Page 29. | ISSN:1004-5015,2,0,0,2,2,4,50,50,0,0,0,0
getit.library.nyu.edu/resolve?genre=article&isbn=&issn=10081399&title=\u9ad8\u7b49\u6570\u5b66\u7814\u7a76 / Studies in College Mathematics&volume=23&issue=1&date=20200101&atitle=\u8d39\u5c14\u9a6c\u5c0f\u5b9a\u7406\u5e94\u7528\u4e3e\u4f8b / Examples of Applying Fermat's Little Theorem&aulast=\u82d1\u91d1\u81e3&spage=49&sid=EBSCO:China Online Journals (Wanfang)&pid=\u82d1\u91d1\u81e3edscoj.gdsxyj20200100920200101China Online Journals (Wanfang),Article | \u8d39\u5c14\u9a6c\u5c0f\u5b9a\u7406\u5e94\u7528\u4e3e\u4f8b Examples of Applying Fermat's Little Theorem | \u82d1\u91d1\u81e3 2020 Jan 01 | Published in Journal u9ad8\u7b49\u6570\u5b66\u7814\u7a76 Studies in College Mathematics Volume 23 Issue 1 Page 49. | ISSN:1008-1399,1,0,0,1,1,2,50,50,0,0,0,0
getit.library.nyu.edu/resolve?genre=article&isbn=&issn=10090592&title=\u6cd5\u5236\u4e0e\u793e\u4f1a / Legal System and Society&volume=&issue=15&date=20170101&atitle=\u4f26\u7406\u5b66\u89c6\u57df\u4e0b\u518d\u5a5a\u5bb6\u5ead\u5b50\u5973\u5bb6\u5ead\u6559\u80b2\u4e2d\u5b58\u5728\u7684\u95ee\u9898\u53ca\u5bf9\u7b56\u7814\u7a76&aulast=\u5218\u6625\u6653&spage=238&sid=EBSCO:China Online Journals (Wanfang)&pid=\u5218\u6625\u6653edscoj.fzysh20171511220170101China Online Journals (Wanfang),Article | \u4f26\u7406\u5b66\u89c6\u57df\u4e0b\u518d\u5a5a\u5bb6\u5ead\u5b50\u5973\u5bb6\u5ead\u6559\u80b2\u4e2d\u5b58\u5728\u7684\u95ee\u9898\u53ca\u5bf9\u7b56\u7814\u7a76 | \u5218\u6625\u6653 2017 Jan 01 | Published in Journal u6cd5\u5236\u4e0e\u793e\u4f1a Legal System and Society Issue 15 Page 238. | ISSN:1009-0592,1,0,0,1,1,2,50,50,0,0,0,0
getit.library.nyu.edu/resolve?genre=article&isbn=&issn=10092234&title=\u7406\u8bba\u89c2\u5bdf / THEORETIC OBSERVATION&volume=&issue=4&date=20080101&atitle=\u666e\u5229\u7b56\u5956\u6444\u5f71\u4f5c\u54c1\u4e2d\u79cd\u65cf\u6b67\u89c6\u8c61\u5f81\u624b\u6cd5\u7684\u6210\u529f\u8fd0\u7528&aulast=\u674e\u5fd7\u98de&spage=142&sid=EBSCO:China Online Journals (Wanfang)&pid=\u674e\u5fd7\u98deedscoj.llgc20080406320080101China Online Journals (Wanfang),Article | \u666e\u5229\u7b56\u5956\u6444\u5f71\u4f5c\u54c1\u4e2d\u79cd\u65cf\u6b67\u89c6\u8c61\u5f81\u624b\u6cd5\u7684\u6210\u529f\u8fd0\u7528 | \u674e\u5fd7\u98de 2008 Jan 01 | Published in Journal u7406\u8bba\u89c2\u5bdf THEORETIC OBSERVATION Issue 4 Page 142. | ISSN:1009-2234,1,0,0,1,1,2,50,50,0,0,0,0
"getit.library.nyu.edu/resolve?genre=article&isbn=&issn=10948074&title=Palaeontologia Electronica&volume=4&issue=2&date=20010101&atitle=Mountains of madness: A scientist's odyssey in antarctica&aulast=Long, J.&spage=XVIII&sid=EBSCO:Scopus\u00ae&pid=Long, J.edselc.2-52.0-5254910720220010101Scopus\u00ae",Article | Mountains of madness A scientist's odyssey in antarctica | Long J 2001 Jan 01 | Published in Journal Palaeontologia Electronica Volume 4 Issue 2 Page XVIII. | ISSN:1094-8074,1,0,0,1,1,2,50,50,0,0,0,0
"getit.library.nyu.edu/resolve?genre=article&isbn=&issn=10963480&title=Journal of Hospitality & Tourism Research=&volume=45&issue=7&date=20210901&atitle=Artificial Snowmaking: Winter Sports Between State-Owned Company Policy and Tourist Demand.&aulast=Joksimovi\u0107, Marko&spage=1170&sid=EBSCO:Hospitality & Tourism Complete=&pid=Joksimovi\u0107, Marko15158190420210901Hospitality & Tourism Complete=",Article | Artificial Snowmaking Winter Sports Between State-Owned Company Policy and Tourist Demand. | Joksimoviu0107 Marko 2021 Sep 01 | Published in Journal Journal of Hospitality Volume 45 Issue 7 Page 1170. | ISSN:1096-3480,1,0,0,1,1,2,50,50,0,0,0,0
getit.library.nyu.edu/resolve?genre=article&isbn=&issn=11787074&title=International Journal of General Medicine&volume=ume 11&issue=&date=20180301&atitle=Late-life depression: issues for the general practitioner&aulast=Van Damme A&spage=113&sid=EBSCO:Directory of Open Access Journals&pid=Van Damme Aedsdoj.2bf134f202d45bca5e5f3ed6ed1d36820180301Directory of Open Access Journals,Article | Late-life depression issues for the general practitioner | Van Damme A 2018 Mar 01 | Published in Journal International Journal of General Medicine Volume ume 11 Page 113. | ISSN:1178-7074,4,0,0,4,4,8,50,50,0,0,0,0
"getit.library.nyu.edu/resolve?genre=article&isbn=&issn=15450279&title=SMPTE Motion Imaging Journal, Motion Imaging Journal, SMPTE, SMPTE Mot. Imag. J&volume=129&issue=5&date=20200601&atitle=The Creative Process of Designing Today\u2019s Movie Soundtracks&aulast=Thom, R.&spage=17&sid=EBSCO:IEEE Xplore Digital Library&pid=Thom, R.edseee.910954020200601IEEE Xplore Digital Library",Article | The Creative Process of Designing Today\u2019s Movie Soundtracks | Thom R 2020 Jun 01 | Published in Journal SMPTE Motion Imaging Journal Motion Imaging Journal SMPTE SMPTE Mot Imag J Volume 129 Issue 5 Page 17. | ISSN:1545-0279,1,0,0,1,1,2,50,50,0,0,0,0
"getit.library.nyu.edu/resolve?genre=article&isbn=&issn=17449855&title=Journal of Postcolonial Writing&volume=41&issue=2&date=20051101&atitle=The ethnography of nostalgia.&aulast=Quayson, Ato&spage=131&sid=EBSCO:Humanities Source&pid=Quayson, Ato1844869820051101Humanities Source",Article | The ethnography of nostalgia. | Quayson Ato 2005 Nov 01 | Published in Journal Journal of Postcolonial Writing Volume 41 Issue 2 Page 131. | ISSN:1744-9855,1,0,0,1,1,2,50,50,0,0,0,0
"getit.library.nyu.edu/resolve?genre=article&isbn=&issn=17519004&title=SOCIAL AND PERSONALITY PSYCHOLOGY COMPASS&volume=4&issue=5&date=20100101&atitle=Moral Self-Licensing: When Being Good Frees Us to Be Bad&aulast=Merritt, A. C.&spage=344&sid=EBSCO:British Library Document Supply Centre Inside Serials & Conference Proceedings=&pid=Merritt, A. C.RN27043757420100101British Library Document Supply Centre Inside Serials & Conference Proceedings=",Article | Moral Self-Licensing When Being Good Frees Us to Be Bad | Merritt A C 2010 Jan 01 | Published in Journal SOCIAL AND PERSONALITY PSYCHOLOGY COMPASS Volume 4 Issue 5 Page 344. | ISSN:1751-9004,2,0,0,2,2,4,50,50,0,0,0,0
"getit.library.nyu.edu/resolve?genre=article&isbn=&issn=1752928X&title=Journal of Forensic & Legal Medicine=&volume=73&issue=&date=20200701&atitle=Dental Forensic Kit (DFK\u00ae) and Quick Extract\u2122 FFPE DNA extraction kit, a new workflow for obtaining dental DNA for human genetic identity.&aulast=Inostroza, Carolina&spage=&sid=EBSCO:CINAHL Complete&pid=Inostroza, Carolina14438688020200701CINAHL Complete",Article | Dental Forensic Kit DFK\u00ae and Quick Extract\u2122 FFPE DNA extraction kit a new workflow for obtaining dental DNA for human genetic identity. | Inostroza Carolina 2020 Jul 01 | Published in Journal Journal of Forensic Volume 73. | ISSN:1752-928X,1,0,0,1,1,2,50,50,0,0,0,0
getit.library.nyu.edu/resolve?genre=article&isbn=&issn=17581052&title=International journal of STD & AIDS=&volume=32&issue=6&date=20210501&atitle=Comparison of cohort characteristics in Central Africa International Epidemiology Databases to Evaluate AIDS and Demographic Health Surveys: Rwanda and Burundi.&aulast=Mageras A&spage=551&sid=EBSCO:MEDLINE with Full Text&pid=Mageras A3353089420210501MEDLINE with Full Text,Article | Comparison of cohort characteristics in Central Africa International Epidemiology Databases to Evaluate AIDS and Demographic Health Surveys Rwanda and Burundi. | Mageras A 2021 May 01 | Published in Journal International journal of STD Volume 32 Issue 6 Page 551. | ISSN:0956-4624,0,0,0,0,0,0,n/a,n/a,0,0,0,0
getit.library.nyu.edu/resolve?genre=article&isbn=&issn=18736807&title=Body image&volume=38&issue=&date=20210901&atitle=Young women's body image following upwards comparison to Instagram models: The role of physical appearance perfectionism and cognitive emotion regulation.&aulast=McComb SE&spage=49&sid=EBSCO:MEDLINE with Full Text&pid=McComb SE3379880120210901MEDLINE with Full Text,Article | Young women's body image following upwards comparison to Instagram models The role of physical appearance perfectionism and cognitive emotion regulation. | McComb SE 2021 Sep 01 | Published in Journal Body image Volume 38 Page 49. | ISSN:1740-1445,1,0,0,1,1,2,50,50,0,0,0,0
"getit.library.nyu.edu/resolve?genre=article&isbn=&issn=19429681&title=Psychological Trauma: Theory, Research, Practice & Policy=&volume=14&issue=1&date=20220101&atitle=The role of social connectedness in buffering the effects of discrimination on post-trauma cognitions in forcibly displaced Muslims.&aulast=Sheikh, Ifrah S.&spage=47&sid=EBSCO:Supplemental Index&pid=Sheikh, Ifrah S.15517476720220101Supplemental Index",Article | The role of social connectedness in buffering the effects of discrimination on post-trauma cognitions in forcibly displaced Muslims. | Sheikh Ifrah S 2022 Jan 01 | Published in Journal Psychological Trauma Theory Research Practice Volume 14 Issue 1 Page 47. | ISSN:1942-9681,1,0,0,1,1,2,50,50,0,0,0,0
"getit.library.nyu.edu/resolve?genre=article&isbn=&issn=19447485&title=Community Development&volume=49&issue=5&date=20181020&atitle=Can community task groups learn from the principles of group therapy?&aulast=Zanbar, L.&spage=574&sid=EBSCO:Scopus\u00ae&pid=Zanbar, L.edselc.2-52.0-8505573399120181020Scopus\u00ae",Article | Can community task groups learn from the principles of group therapy? | Zanbar L 2018 Oct 20 | Published in Journal Community Development Volume 49 Issue 5 Page 574. | ISSN:1557-5330,1,0,0,1,1,2,50,50,0,0,0,0
getit.library.nyu.edu/resolve?genre=article&isbn=&issn=20564880&title=The International Journal of Information and Learning Technology&volume=38&issue=2&date=20210316&atitle=Transitioning to online learning during the COVID-19 pandemic: differences in access and participation among students in disadvantaged school districts&aulast=Amy J. Catalano&spage=258&sid=EBSCO:Emerald Insight&pid=Amy J. Catalanoedsemr.10.1108.IJILT.06.2020.011120210316Emerald Insight,Article | Transitioning to online learning during the COVID-19 pandemic differences in access and participation among students in disadvantaged school districts | Amy J Catalano 2021 Mar 16 | Published in Journal The International Journal of Information and Learning Technology Volume 38 Issue 2 Page 258. | ISSN:2056-4880,3,0,0,3,3,6,50,50,0,0,0,0
getit.library.nyu.edu/resolve?genre=article&isbn=&issn=22261184&title=Russian Journal of Agricultural and Socio-Economic Sciences&volume=90&issue=6&date=20190601&atitle=THE INFLUENCE OF CELEBRITY ENDORSEMENT ON PURCHASE INTENTION OF WARDAH LIPSTICK PRODUCTS THROUGH BRAND IMAGE AND BRAND CREDIBILITY&aulast=Sandi P.R.&spage=302&sid=EBSCO:Directory of Open Access Journals&pid=Sandi P.R.edsdoj.17387e9400514e1c965c6b878b3d320020190601Directory of Open Access Journals,Article | THE INFLUENCE OF CELEBRITY ENDORSEMENT ON PURCHASE INTENTION OF WARDAH LIPSTICK PRODUCTS THROUGH BRAND IMAGE AND BRAND CREDIBILITY | Sandi P.R 2019 Jun 01 | Published in Journal Russian Journal of Agricultural and Socio-Economic Sciences Volume 90 Issue 6 Page 302. | ISSN:2226-1184,1,0,0,1,1,2,50,50,0,0,0,0
"getit.library.nyu.edu/resolve?genre=article&isbn=&issn=2296665X&title=FRONTIERS IN ENVIRONMENTAL SCIENCE&volume=9&issue=&date=20211206&atitle=Training Graduate Students in Multiple Genres of Public and Academic Science Writing: An Assessment Using an Adaptable, Interdisciplinary Rubric&aulast=Harrington, Erin R.&spage=715409&sid=EBSCO:Science Citation Index Expanded&pid=Harrington, Erin R.00073224870000120211206Science Citation Index Expanded",Article | Training Graduate Students in Multiple Genres of Public and Academic Science Writing An Assessment Using an Adaptable Interdisciplinary Rubric | Harrington Erin R 2021 Dec 06 | Published in Journal FRONTIERS IN ENVIRONMENTAL SCIENCE Volume 9 Page 715409. | ISSN:2296-665X,2,0,0,2,2,4,50,50,0,0,0,0
"getit.library.nyu.edu/resolve?genre=article&isbn=&issn=NBID.EHKL&title=Herald Keeper (UK)&volume=&issue=&date=20220426&atitle=Dijon Mustard, Market Companies, and Competitive Landscape Market Players - Maille(Unilever), Reine de Dijon, Charbonneaux Brabant S.A. - 2 022 - 2027 By HNY Research; Dijon Mustard, Market Companies, and Competitive Landscape Market Players - Maille(Unilever), Reine de Dijon, Charbonneaux Brabant S.A. - 2 022 - 2027 By HNY Research&aulast=&spage=&sid=EBSCO:NewsBank&pid=189A33AD2B04E4C820220426NewsBank","Article | Dijon Mustard Market Companies and Competitive Landscape Market Players Maille(Unilever Reine de Dijon Charbonneaux Brabant S.A 2 022 2027 By HNY Research | 2022 Apr 26 | Published in Journal Herald Keeper UK  | ",0,0,0,0,0,0,n/a,n/a,0,0,0,0
getit.library.nyu.edu/resolve?genre=article&isbn=&issn=NBID.LHLBB&title=Lexington Herald-Leader: Blogs (KY)&volume=&issue=&date=20160309&atitle=5 Questions: Artist Ellen Skidmore finds her voice&aulast=Rich Copley&spage=&sid=EBSCO:NewsBank&pid=Rich Copley15BA68DB17E0A7D820160309NewsBank,"Article | 5 Questions Artist Ellen Skidmore finds her voice | Rich Copley 2016 Mar 09 | Published in Journal Lexington Herald-Leader Blogs KY  | ",0,0,0,0,0,0,n/a,n/a,0,0,0,0
"getit.library.nyu.edu/resolve?genre=article&isbn=&issn=NBID.MODB&title=Modesto Bee, The (CA)&volume=&issue=&date=20121205&atitle=KAEPERNICK IS A GOOD ROLE MODEL&aulast=&spage=&sid=EBSCO:NewsBank&pid=144032F36A5639F020121205NewsBank","Article | KAEPERNICK IS A GOOD ROLE MODEL | 2012 Dec 05 | Published in Journal Modesto Bee The CA  | ",0,0,0,0,0,0,n/a,n/a,0,0,0,0
getit.library.nyu.edu/resolve?genre=article&isbn=&issn=NBID.PJRI&title=Providence Journal (RI)&volume=&issue=&date=20110516&atitle=HEALTH CARE - Medicaid deal hailed elsewhere&aulast=PHILIP MARCELO&spage=&sid=EBSCO:NewsBank&pid=PHILIP MARCELO152422EB7A7B581020110516NewsBank,"Article | HEALTH CARE Medicaid deal hailed elsewhere | PHILIP MARCELO 2011 May 16 | Published in Journal Providence Journal RI  | ",0,0,0,0,0,0,n/a,n/a,0,0,0,0
"getit.library.nyu.edu/resolve?genre=article&isbn=&issn=NBID.UNAU&title=New Arab, The (UK)&volume=&issue=&date=20191015&atitle=On Arid Lands in Ethiopia: A\u00efda Muluneh's exhibition responds to the global water crisis&aulast=Georgia Beeston&spage=&sid=EBSCO:NewsBank&pid=Georgia Beeston1769677C16C2010820191015NewsBank","Article | On Arid Lands in Ethiopia A\u00efda Muluneh's exhibition responds to the global water crisis | Georgia Beeston 2019 Oct 15 | Published in Journal New Arab The UK  | ",0,0,0,0,0,0,n/a,n/a,0,0,0,0
"getit.library.nyu.edu/resolve?genre=article&isbn=&issn=NBID.WORB&title=Observer-Reporter (Washington, PA)&volume=&issue=&date=20021129&atitle=Most should 'Like' theater verison of 1959 movie classic; Where: Heinz Hall&aulast=&spage=&sid=EBSCO:NewsBank - Archives&pid=105616F04123C55F20021129NewsBank - Archives","Article | Most should Like theater verison of 1959 movie classic | 2002 Nov 29 | Published in Journal Observer-Reporter Washington PA  | ",0,0,0,0,0,0,n/a,n/a,0,0,0,0
"getit.library.nyu.edu/resolve?genre=article&isbn=&issn=edsamd.475&title=&volume=&issue=&date=19800101&atitle=[Letter referring to phallic art in the Balearic Islands]&aulast=Adam Matthew Digital (Firm), digitiser&spage=&sid=EBSCO:Adam Matthew Digital&pid=Adam Matthew Digital (Firm), digitiseredsamd.E.AMD0021051619800101Adam Matthew Digital","Article | [Letter referring to phallic art in the Balearic Islands] | Adam Matthew Digital Firm digitiser 1980 Jan 01 |  | ",0,0,0,0,0,0,n/a,n/a,0,0,0,0
"getit.library.nyu.edu/resolve?genre=article&isbn=&issn=edsble&title=&volume=&issue=&date=20150101&atitle=The recruitment and retention of teachers in rural areas of Guizhou, China&aulast=Peng, Yang&spage=&sid=EBSCO:British Library EThOS&pid=Peng, Yangedsble.69831520150101British Library EThOS","Article | The recruitment and retention of teachers in rural areas of Guizhou China | Peng Yang 2015 Jan 01 |  | ",0,0,0,0,0,0,n/a,n/a,0,0,0,0
getit.library.nyu.edu/resolve?genre=article&isbn=9781529721829&issn=edscrc&title=The SAGE Encyclopedia of Children and Childhood Studies&volume=&issue=&date=20200101&atitle=Attachment Theory&aulast=Henry Amy&spage=&sid=EBSCO:Credo Reference&pid=Henry Amyedscrc.2904308220200101Credo Reference,Article | Attachment Theory | Henry Amy 2020 Jan 01 | Published in Journal The SAGE Encyclopedia of Children and Childhood Studies. | ISBN:9781529721829,0,0,0,0,0,0,n/a,n/a,0,0,0,0
getit.library.nyu.edu/resolve?genre=bookitem&isbn=&issn=&title=&volume=&issue=&date=20050606&atitle=Michael O'Reilly&aulast=&spage=&sid=EBSCO:Biography Reference Bank (H.W. Wilson)&pid=20332444720050606Biography Reference Bank (H.W. Wilson),"Book Chapter | Michael O'Reilly | 2005 Jun 06 |  | ",0,0,0,0,0,0,n/a,n/a,0,0,0,0
"getit.library.nyu.edu/resolve?genre=bookitem&isbn=&issn=&title=&volume=&issue=&date=20210824&atitle=Learning to Arbitrate Human and Robot Control using Disagreement between Sub-Policies&aulast=Oh, Yoojin&spage=&sid=EBSCO:arXiv&pid=Oh, Yoojinedsarx.2108.1063420210824arXiv","Book Chapter | Learning to Arbitrate Human and Robot Control using Disagreement between Sub-Policies | Oh Yoojin 2021 Aug 24 |  | ",0,0,0,0,0,0,n/a,n/a,0,0,0,0
"getit.library.nyu.edu/resolve?genre=bookitem&isbn=0984413421&issn=&title=Afro-Cuban music: A bibliographic guide&volume=&issue=&date=20120101&atitle=Afro-Cuban music: A bibliographic guide&aulast=Gray, John&spage=&sid=EBSCO:RILM Abstracts of Music Literature with Full Text&pid=Gray, JohnA74762520120101RILM Abstracts of Music Literature with Full Text",Book Chapter | Afro-Cuban music A bibliographic guide | Gray John 2012 Jan 01 | Published in Book Afro-Cuban music a bibliographic guide John Gray  | Publisher:African Diaspora Press ISBN:0984413421,0,0,0,0,0,0,n/a,n/a,0,0,0,0
"getit.library.nyu.edu/resolve?genre=bookitem&isbn=9780764354144&issn=&title=&volume=&issue=&date=20170101&atitle=Narrative jewelry: tales from the toolbox&aulast=Fenn, Mark&spage=&sid=EBSCO:Book Review Digest Plus (H.W. Wilson)&pid=Fenn, Mark12987883620170101Book Review Digest Plus (H.W. Wilson)",Book Chapter | Narrative jewelry tales from the toolbox | Fenn Mark 2017 Jan 01 | Published in Book Narrative jewelry tales from the toolbox. | Publisher:Schiffer Publishing ISBN:9780764354144,0,0,0,0,0,0,n/a,n/a,0,0,0,0
"getit.library.nyu.edu/resolve?sid=APA&url_ver=Z39.88-2004&rft.atitle=Abuse, invalidation, and lack of early warmth show distinct relationships with self\u2010criticism, self\u2010compassion, and fear of self\u2010compassion in personality disorder.&rft.aufirst=Iona&rft.aulast=Naismith&rft.date=2019-05&rft.epage=361&rft.spage=350&rft.jtitle=Clinical Psychology & Psychotherapy=&rft.volume=26&rft.issue=3&rft.issn=1063-3995&rft.eissn=1099-0879&rft_id=info:doi/10.1002/cpp.2357&rft.genre=article&rft.pid=2019-31638-002&url_ver=Z39.88-2004&rft_val_fmt=info:ofi/fmt:kev:mtx:journal",Article | Abuse invalidation and lack of early warmth show distinct relationships with self\u2010criticism self\u2010compassion and fear of self\u2010compassion in personality disorder. | Naismith Iona 2019 May | Published in Journal CLINICAL PSYCHOLOGY PSYCHOTHERAPY Volume 26 Issue 3 Page 350 361. | ISSN:1063-3995,0,2,2,2,2,4,50,50,0,0,0,0
getit.library.nyu.edu/resolve?sid=APA&url_ver=Z39.88-2004&rft.atitle=Childhood abuse and drug addiction among Israeli male inmates.&rft.aufirst=Gila&rft.aulast=Chen&rft.date=2016-11&rft.epage=730&rft.spage=709&rft_id=info:doi/10.1177/0032885516662637&rft.jtitle=The Prison Journal&rft.volume=96&rft.issue=5&rft.issn=0032-8855&rft.eissn=1552-7522&rft.genre=article&rft.pid=2016-47447-005&url_ver=Z39.88-2004&rft_val_fmt=info:ofi/fmt:kev:mtx:journal,Article | Childhood abuse and drug addiction among Israeli male inmates. | Chen Gila 2016 Nov | Published in Journal PRISON JOURNAL Volume 96 Issue 5 Page 709 730. | ISSN:0032-8855,1,1,1,2,2,4,50,50,0,0,0,0
getit.library.nyu.edu/resolve?sid=APA&url_ver=Z39.88-2004&rft.atitle=Gang involvement: Social and environmental factors.&rft.aufirst=Emma&rft.aulast=Alleyne&rft.date=2014-06&rft.epage=568&rft.spage=547&rft_id=info:doi/10.1177/0011128711398029&rft.jtitle=Crime & Delinquency=&rft.volume=60&rft.issue=4&rft.issn=0011-1287&rft.eissn=1552-387X&rft.genre=article&rft.pid=2014-16922-003&url_ver=Z39.88-2004&rft_val_fmt=info:ofi/fmt:kev:mtx:journal,Article | Gang involvement Social and environmental factors. | Alleyne Emma 2014 Jun | Published in Journal CRIME DELINQUENCY Volume 60 Issue 4 Page 547 568. | ISSN:0011-1287,2,1,1,3,3,6,50,50,0,0,0,0
getit.library.nyu.edu/resolve?sid=APA&url_ver=Z39.88-2004&rft.atitle=Impact of childhood trauma on sensory gating in patients with first-episode schizophrenia.&rft.aufirst=Xian-Bin&rft.aulast=Li&rft.date=2018-08&rft.spage=258&rft.jtitle=BMC Psychiatry&rft.volume=18&rft.eissn=1471-244X&rft_id=info:doi/10.1186/s12888-018-1807-7&rft.genre=article&rft.pid=2018-41299-001&url_ver=Z39.88-2004&rft_val_fmt=info:ofi/fmt:kev:mtx:journal,"Article | Impact of childhood trauma on sensory gating in patients with first-episode schizophrenia. | Li Xian-Bin 2018 Aug | Published in Journal BMC PSYCHIATRY Volume 18 Issue 1 Page 258. | ",0,9,8,9,8,17,53,47,0,0,0,0
"getit.library.nyu.edu/resolve?sid=APA&url_ver=Z39.88-2004&rft.atitle=Moral decision-making among young Muslim adults on harmless taboo violations: The effects of gender, religiosity, and political affiliation.&rft.aufirst=Beyza&rft.aulast=Tepe&rft.date=2016-10&rft.epage=248&rft.spage=243&rft.jtitle=Personality and Individual Differences&rft.volume=101&rft.issn=0191-8869&rft.eissn=1873-3549&rft_id=info:doi/10.1016/j.paid.2016.06.012&rft.genre=article&rft.pid=2016-42811-039&url_ver=Z39.88-2004&rft_val_fmt=info:ofi/fmt:kev:mtx:journal",Article | Moral decision-making among young Muslim adults on harmless taboo violations The effects of gender religiosity and political affiliation. | Tepe Beyza 2016 Oct | Published in Journal PERSONALITY AND INDIVIDUAL DIFFERENCES Volume 101 Page 243 248. | ISSN:0191-8869,0,1,1,1,1,2,50,50,0,0,0,0
getit.library.nyu.edu/resolve?sid=APA&url_ver=Z39.88-2004&rft.atitle=The clashing nature of rebelliousness: Nontraditional attitudes and counter\u2010normative behaviors show divergent associations with intelligence.&rft.aufirst=Joshua D.&rft.aulast=Isen&rft.date=2021-10&rft.epage=No Pagination Specified&rft.spage=No&rft.jtitle=Journal of Personality&rft.issn=0022-3506&rft.eissn=1467-6494&rft_id=info:doi/10.1111/jopy.12681&rft.genre=article&rft.pid=2022-00807-001&url_ver=Z39.88-2004&rft_val_fmt=info:ofi/fmt:kev:mtx:journal,Article | The clashing nature of rebelliousness Nontraditional attitudes and counter\u2010normative behaviors show divergent associations with intelligence. | Isen Joshua D 2021 Oct | Published in Journal JOURNAL OF PERSONALITY Volume 90 Issue 4 Page No No Pagination Specified. | ISSN:0022-3506,0,3,1,3,1,4,75,25,0,0,0,0
"getit.library.nyu.edu/resolve?sid=CAS:CAPLUS&issn=0009-2363&volume=25&issue=1&coden=CPBTAL&genre=article&id=doi:10.1248/cpb.25.192&date=1977&spage=192&epage=195&pages=192-5&title=Chemical & Pharmaceutical Bulletin=&stitle=Chem. Pharm. Bull.&atitle=Studies on pyridazines. XXVI. The reaction of substituted N-acetyliminopyridazinium ylides with benzyne&au=Hasegawa, Hiroshi&aulast=Hasegawa&aufirst=Hiroshi&aucorp=Showa Univ., Sch. Pharm. Sci.&pid=<authfull>Hasegawa, Hiroshi</authfull><source>Chemical & Pharmaceutical Bulletin (1977), 25, (1), 192-5. CODEN:CPBTAL ISSN:0009-2363.</source>=",Article | Studies on pyridazines XXVI The reaction of substituted N-acetyliminopyridazinium ylides with benzyne | Hasegawa Hiroshi 1977 | Published in Journal Chemical Volume 25 Issue 1 Page 192 195. | ISSN:0009-2363,0,1,1,1,1,2,50,50,0,0,0,0
"getit.library.nyu.edu/resolve?sid=CAS:CAPLUS&issn=0040-4020&volume=57&issue=41&coden=TETRAB&genre=article&id=doi:10.1016/s0040-4020(01)00777-3&date=2001&spage=8589&epage=8627&pages=8589-8627&title=Tetrahedron&atitle=Synthesis of cyclopropane containing natural products&au=Donaldson, W. A.&aulast=Donaldson&auinit=WA&auinit1=W&auinitm=A&pid=<authfull>Donaldson, W. A.</authfull>",Article | Synthesis of cyclopropane containing natural products | Donaldson W A 2001 | Published in Journal Tetrahedron Volume 57 Issue 41 Page 8589 8627. | ISSN:0040-4020,0,1,1,1,1,2,50,50,0,0,0,0
"getit.library.nyu.edu/resolve?sid=CAS:MEDLINE&issn=0749-1581&genre=article&date=2021&spage=0&epage=0&title=Magnetic Resonance in Chemistry&stitle=Magn Reson Chem&atitle=Synthesis of a novel naphthalenone endoperoxide and structural elucidation by NMR spectroscopy and theoretical calculation&id=pmid:34265119&pid=<authfull>Martins Lucas M O S</authfull><source>Magnetic resonance in chemistry : MRC (2021),</source>",Article | Synthesis of a novel naphthalenone endoperoxide and structural elucidation by NMR spectroscopy and theoretical calculation | Martins Lucas M O S 2021 | Published in Journal Magnetic Resonance in Chemistry Volume 60 Issue 1 Page 0 0. | ISSN:0749-1581,0,1,1,1,1,2,50,50,0,0,0,0
getit.library.nyu.edu/resolve?sid=Elsevier:Scopus&_service_type=getFullTxt&issn=09270256&isbn=&volume=37&issue=4&spage=434&epage=441&pages=434-441&artnum=&date=2006&id=doi:10.1016/j.commatsci.2005.10.006&title=Computational+Materials+Science&atitle=Nanometric+cutting+of+copper:+A+molecular+dynamics+study&aufirst=Q.X.&auinit=Q.X.&auinit1=Q&aulast=Pei,Article | Nanometric cutting of copper A molecular dynamics study | Pei Q X 2006 | Published in Journal Computational Materials Science Volume 37 Issue 4 Page 434 441. | ISSN:0927-0256,0,1,1,1,1,2,50,50,0,0,0,0
getit.library.nyu.edu/resolve?sid=Elsevier:Scopus&_service_type=getFullTxt&issn=21697574&isbn=&volume=6&issue=5&spage=&epage=&pages=&artnum=e1783&date=2018&id=doi:10.1097/GOX.0000000000001783&title=Plastic+and+Reconstructive+Surgery+-+Global+Open&atitle=Re-evaluating+the+lejour+technique+for+breast+reduction+in+patients+with+macromastia&aufirst=L.R.&auinit=L.R.&auinit1=L&aulast=Copeland-Halperin,Article | Re-evaluating the lejour technique for breast reduction in patients with macromastia | Copeland Halperin Libby R 2018 | Published in Journal Plastic and Reconstructive Surgery Global Open Volume 6 Issue 5 Page e1783. | ISSN:2169-7574,1,3,3,4,4,8,50,50,0,0,0,0
getit.library.nyu.edu/resolve?sid=FirstSearch:WorldCat&genre=book&title=A+user's+manual+for+the+Occupational+Self+Assessment+(OSA)+(Version+2.1)&date=2003&aulast=Baron&aufirst=Kathi&id=doi:&pid=56717711<fssessid>0</fssessid>&url_ver=Z39.88-2004&rfr_id=info:sid/firstsearch.oclc.org:WorldCat&rft_val_fmt=info:ofi/fmt:kev:mtx:book&rft.genre=book&req_dat=<sessionid>0</sessionid>&rfe_dat=<accessionnumber>56717711</accessionnumber>&rft_id=info:oclcnum/56717711&rft.aulast=Baron&rft.aufirst=Kathi&rft.title=A+user's+manual+for+the+Occupational+Self+Assessment+(OSA)+(Version+2.1)&rft.date=2003&rft.aucorp=University+of+Illinois+at+Chicago.&rft.place=Chicago++IL&rft.pub=Model+of+Human+Occupational+Clearinghouse++Dept.+of+Occupational+Therapy++College+of+Applied+Health+Sciences++University+of+Illinois+at+Chicago&rft.genre=book,Book | A user's manual for the Occupational Self Assessment OSA Version 2.1) | Baron Kathi 2003 |  | Publisher:Model of Human Occupational Clearinghouse Dept of Occupational Therapy College of Applied Health Sciences University of Illinois at Chicago,0,0,0,0,0,0,n/a,n/a,0,0,0,0
getit.library.nyu.edu/resolve?sid=FirstSearch:WorldCat&genre=journal&issn=2000-2777&title=World+Values+Research+WVR&date=2008&id=doi:&pid=856870157<fssessid>0</fssessid>&url_ver=Z39.88-2004&rfr_id=info:sid/firstsearch.oclc.org:WorldCat&rft_val_fmt=info:ofi/fmt:kev:mtx:journal&rft.genre=journal&req_dat=<sessionid>0</sessionid>&rfe_dat=<accessionnumber>856870157</accessionnumber>&rft_id=info:oclcnum/856870157&rft_id=urn:ISSN:2000-2777&rft.jtitle=World+Values+Research+WVR&rft.issn=2000-2777&rft.place=[Erscheinungsort+nicht+ermittelbar]&rft.genre=journal,Journal | World Values Research WVR | 2008 |  | ISSN:2000-2777,0,0,0,0,0,0,n/a,n/a,0,0,0,0
"getit.library.nyu.edu/resolve?sid=OVID:psycdb&id=pmid:&id=doi:10.1026/1616-3443/a000185&issn=1616-3443&isbn=&volume=42&issue=1&spage=45&pages=45-54&date=2013&title=Zeitschrift+fur+Klinische+Psychologie+und+Psychotherapie:+Forschung+und+Praxis&atitle=Remission,+response+and+its+prediction+after+dialectical-behavioral+therapy+for+borderline+personality+disorder+in+an+inpatient+setting.&aulast=Kroger&pid=<author>Kroger,+Christoph;Harbeck,+Susanne;Rickert,+Imke;Wollburg,+Eileen;Gersch,+Katrin;Armbrust,+Michael;Kliem,+Soren</author>&<AN>2013-14878-005</AN>=&<DT>Journal+Article</DT>=",Article | Remission response and its prediction after dialectical-behavioral therapy for borderline personality disorder in an inpatient setting. | Kroger 2013 | Published in Journal Zeitschrift fur Klinische Psychologie und Psychotherapie Forschung und Praxis Volume 42 Issue 1 Page 45 54. | ISSN:1616-3443,0,0,0,0,0,0,n/a,n/a,0,0,0,0
getit.library.nyu.edu/resolve?sid=google&auinit=AL&aulast=Proskovec&atitle=Magnetoencephalography+and+Mild+Traumatic+Brain+Injury&id=doi:10.1016/j.yacr.2020.05.004,Article | Magnetoencephalography and Mild Traumatic Brain Injury | Proskovec 2020 | Published in Journal Advances in Clinical Radiology Volume 2 Page 341 350. | ISSN:2589-8701,0,0,1,0,1,1,0,100,0,0,0,0
getit.library.nyu.edu/resolve?sid=google&auinit=C&aulast=Ottaviani&atitle=Pros+and+cons+of+a+wandering+mind:+a+prospective+study&id=doi:10.3389/fpsyg.2013.00524&title=Frontiers+in+Psychology&volume=4&date=2013&spage=524&issn=1664-1078,Article | Pros and cons of a wandering mind a prospective study | Ottaviani 2013 | Published in Journal Frontiers in Psychology Volume 4 Page 524. | ISSN:1664-1078,0,2,2,2,2,4,50,50,0,0,0,0
getit.library.nyu.edu/resolve?sid=google&auinit=CM&aulast=Chiesa-Estomba&atitle=Systematic+review+of+international+guidelines+for+tracheostomy+in+COVID-19+patients&id=doi:10.1016/j.oraloncology.2020.104844&title=Oral+oncology.+Supplement&volume=108&date=2020&spage=104844&issn=1368-8375,Article | Systematic review of international guidelines for tracheostomy in COVID-19 patients | Chiesa-Estomba 2020 | Published in Journal Oral oncology Supplement Volume 108 Page 104844. | ISSN:1368-8375,0,1,1,1,1,2,50,50,0,0,0,0
getit.library.nyu.edu/resolve?sid=google&auinit=HA&aulast=Hausenblas&atitle=Eating+disorder+indices+and+athletes:+An+integration&id=doi:10.1123/jsep.21.3.230&title=Journal+of+Sport+&+Exercise+Psychology=&volume=21&issue=3&date=1999&spage=230&issn=0895-2779,Article | Eating disorder indices and athletes An integration | Hausenblas 1999 | Published in Journal Journal of Sport Volume 21 Issue 3 Page 230 258. | ISSN:0895-2779,0,1,1,1,1,2,50,50,0,0,0,0
getit.library.nyu.edu/resolve?sid=google&auinit=JA&aulast=Thorson&atitle=A+revised+death+anxiety+scale&id=doi:10.1080/07481189208252595&title=Death+Studies&volume=16&issue=6&date=1992&spage=507&issn=0748-1187,Article | A revised death anxiety scale | Thorson 1992 | Published in Journal Death Studies Volume 16 Issue 6 Page 507 521. | ISSN:0748-1187,0,1,1,1,1,2,50,50,0,0,0,0
"getit.library.nyu.edu/resolve?sid=google&auinit=K&aulast=Cohen&atitle=The+impact+of+trauma+work+on+trauma+workers:+A+metasynthesis+on+vicarious+trauma+and+vicarious+posttraumatic+growth.&id=doi:10.1037/a0030388&title=Psychological+Trauma:+Theory,+Research,+Practice,+and+Policy&volume=5&issue=6&date=2013&spage=570&issn=1942-9681",Article | The impact of trauma work on trauma workers A metasynthesis on vicarious trauma and vicarious posttraumatic growth. | Cohen 2013 | Published in Journal Psychological Trauma Theory Research Practice and Policy Volume 5 Issue 6 Page 570 580. | ISSN:1942-9681,0,1,1,1,1,2,50,50,0,0,0,0
getit.library.nyu.edu/resolve?sid=google&auinit=M&aulast=Bendick+Jr&atitle=Developing+the+research+basis+for+controlling+bias+in+hiring&title=Journal+of+Social+Issues&volume=68&date=2013&spage=238&issn=0022-4537,Article | Developing the research basis for controlling bias in hiring | Bendick Jr M 2013 | Published in Journal Journal of Social Issues Volume 68 Page 238. | ISSN:0022-4537,1,2,1,3,2,5,60,40,0,0,0,0
getit.library.nyu.edu/resolve?sid=google&auinit=M&aulast=Lam&atitle=Longitudinal+cognitive+changes+in+young+individuals+at+ultrahigh+risk+for+psychosis&id=doi:10.1001/jamapsychiatry.2018.1668&title=JAMA+Psychiatry&volume=75&issue=9&date=2018&spage=929&issn=2168-622X,Article | Longitudinal cognitive changes in young individuals at ultrahigh risk for psychosis | Lam 2018 | Published in Journal JAMA Psychiatry Volume 75 Issue 9 Page 929. | ISSN:2168-622X,0,1,1,1,1,2,50,50,0,0,0,0
getit.library.nyu.edu/resolve?sid=google&auinit=M&aulast=\u0160kare&atitle=Impact+of+COVID-19+on+the+travel+and+tourism+industry&id=doi:10.1016/j.techfore.2020.120469&title=Technological+forecasting+&+social+change=&volume=163&date=2021&spage=120469&issn=0040-1625,Article | Impact of COVID-19 on the travel and tourism industry | \u0160kare 2021 | Published in Journal Technological forecasting Volume 163 Page 120469. | ISSN:0040-1625,0,1,1,1,1,2,50,50,0,0,0,0
getit.library.nyu.edu/resolve?sid=google&auinit=Q&aulast=Vo&atitle=Remote+Work+Revolution:+Succeeding+from+Anywhere&title=Journal+of+Business+Studies+Quarterly&volume=10&issue=4&date=2021&spage=11&issn=2152-1034,Article | Remote Work Revolution Succeeding from Anywhere | Vo Q 2021 | Published in Journal Journal of Business Studies Quarterly Volume 10 Issue 4 Page 11. | ISSN:2152-1034,2,0,0,2,2,4,50,50,0,0,0,0
getit.library.nyu.edu/resolve?sid=jstor:jstor&genre=article&title=Comparative+Literature+Studies&atitle=The+Aphoristic+Way:+Lev+Tolstoy\u2019s+Translations+of+the+<em>Dao+de+Jing</em>&issn=00104132&eissn=15284212&volume=58&issue=1&spage=146&epage=175&pages=146-175&date=2021-01-01,Article | The Aphoristic Way Lev Tolstoy\u2019s Translations of the em>Dao de Jing em> | 2021 Jan 01 | Published in Journal Comparative Literature Studies Volume 58 Issue 1 Page 146 175. | ISSN:0010-4132,1,0,0,1,1,2,50,50,0,0,0,0
"getit.library.nyu.edu/resolve?sid=wdg:ibr&genre=article&issn=1537-5927&title=Perspectives+on+Politics.+American+Political+Science+Association&atitle=Coercion,+survival,+and+war.+Why+weak+states+resist+the+United+States&volume=14&issue=2&pages=602-603&date=2016&aulast=LeoGrande&aufirst=William+M.",Article | Coercion survival and war Why weak states resist the United States | Leogrande William M 2016 | Published in Journal Perspectives on Politics American Political Science Association Volume 14 Issue 2 Page 602 603. | ISSN:1537-5927,3,0,0,3,3,6,50,50,0,0,0,0
getit.library.nyu.edu/resolve?umlaut.institution=NYU&umlaut.referent_id=18841303&url_ver=Z39.88-2004&url_ctx_fmt=info:ofi/fmt:kev:mtx:ctx&ctx_ver=Z39.88-2004&ctx_tim=2022-02-21T09:22:23-05:00&ctx_id=&ctx_enc=info:ofi/enc:UTF-8&rft.genre=journal&rft.jtitle=The+HR+Digest&rft.language=eng&rft.object_id=4340000000221940&rft.place=USA&rft.pub=Fastest+media&rft.title=The+HR+Digest&rft_val_fmt=info:ofi/fmt:kev:mtx:journal&rfr_id=info:sid/sfxit.com:citation,Journal | The HR Digest |  |  | undefined,0,0,1,0,1,1,0,100,0,0,0,0
"getit.library.nyu.edu/resolve?umlaut.referent_id=18556512&url_ver=Z39.88-2004&url_ctx_fmt=info:ofi/fmt:kev:mtx:ctx&ctx_ver=Z39.88-2004&ctx_tim=2021-09-06T14:52:40-04:00&ctx_id=&ctx_enc=info:ofi/enc:UTF-8&rft.atitle=Techniques+of+the+body.&rft.au=Mauss,+Marcel&rft.aufirst=Marcel&rft.aulast=Mauss,+Marcel&rft.date=19730201&rft.day=1&rft.eissn=1469-5766&rft.epage=88&rft.genre=article&rft.ID=doi:10.1080/03085147300000003&rft.issn=0308-5147&rft.issue=1&rft.issue_start=1&rft.jtitle=Economy+and+Society&rft.language=eng&rft.lccn=+++72626787+&rft.month=2&rft.object_id=954925269344&rft.oclcnum=1682349&rft.pages=70-88&rft.place=ENGLAND&rft.pub=Routledge+&+Kegan+Paul=&rft.spage=70&rft.stitle=ECONOMY+SOCIETY&rft.title=Economy+&rft.volume=2&rft.volume_start=2&rft_val_fmt=info:ofi/fmt:kev:mtx:journal&rfr_id=info:sid/EBSCO:Complementary+Index:75597158",Article | Techniques of the body. | Mauss Marcel 1973 Feb 01 | Published in Journal Economy Volume 2 Issue 1 Page 70 88. | ISSN:0308-5147,1,0,0,1,1,2,50,50,0,0,0,0
"getit.library.nyu.edu/resolve?umlaut.referent_id=18561704&url_ver=Z39.88-2004&url_ctx_fmt=info:ofi/fmt:kev:mtx:ctx&ctx_ver=Z39.88-2004&ctx_tim=2021-09-11T14:56:58-04:00&ctx_id=&ctx_enc=info:ofi/enc:UTF-8&rft.atitle=Techniques+of+the+body.&rft.au=Mauss,+Marcel&rft.aufirst=Marcel&rft.aulast=Mauss,+Marcel&rft.date=19730201&rft.day=1&rft.eissn=1469-5766&rft.epage=88&rft.genre=article&rft.ID=doi:10.1080/03085147300000003&rft.issn=0308-5147&rft.issue=1&rft.issue_start=1&rft.jtitle=Economy+and+Society&rft.language=eng&rft.lccn=+++72626787+&rft.month=2&rft.object_id=954925269344&rft.oclcnum=1682349&rft.pages=70-88&rft.place=ENGLAND&rft.pub=Routledge+&+Kegan+Paul=&rft.spage=70&rft.stitle=ECONOMY+SOCIETY&rft.title=Economy+&rft.volume=2&rft.volume_start=2&rft_val_fmt=info:ofi/fmt:kev:mtx:journal&rfr_id=info:sid/EBSCO:Complementary+Index:75597158",Article | Techniques of the body. | Mauss Marcel 1973 Feb 01 | Published in Journal Economy Volume 2 Issue 1 Page 70 88. | ISSN:0308-5147,1,0,0,1,1,2,50,50,0,0,0,0
"getit.library.nyu.edu/resolve?umlaut.referent_id=18662079&url_ver=Z39.88-2004&url_ctx_fmt=info:ofi/fmt:kev:mtx:ctx&ctx_ver=Z39.88-2004&ctx_tim=2021-11-10T11:06:58-05:00&ctx_id=&ctx_enc=info:ofi/enc:UTF-8&rft.atitle=Understanding+nurse+practitioner+scope+of+practice:+Regulatory,+practice,+and+employment+perspectives+now+and+for+the+future&rft.au=Hudspeth,+R+S&rft.auinitm=S&rft.aulast=Hudspeth,+R.S.&rft.date=20190801&rft.day=1&rft.eissn=2327-6924&rft.genre=article&rft.issn=2327-6886&rft.issue=8&rft.issue_start=8&rft.jtitle=Journal+of+the+American+Association+of+Nurse+Practitioners&rft.language=eng&rft.lccn=++2013201884&rft.month=8&rft.object_id=2670000000395490&rft.place=UNITED+STATES&rft.private_data=Hudspeth,+R.S.edselc.2-52.0-8507134863520190801Scopus\u00ae&rft.pub=John+Wiley+&+Sons+Ltd=&rft.spage=468&rft.stitle=J+AM+ASSOC+NURSE+PRA&rft.title=Journal+of+the+American+Association+of+Nurse+Practitioners&rft.volume=31&rft.volume_start=31&rft_val_fmt=info:ofi/fmt:kev:mtx:journal&rfr_id=info:sid/EBSCO:Scopus\u00ae",Article | Understanding nurse practitioner scope of practice Regulatory practice and employment perspectives now and for the future | Hudspeth R S 2019 Aug 01 | Published in Journal Journal of the American Association of Nurse Practitioners Volume 31 Issue 8 Page 468. | ISSN:2327-6886,2,0,0,2,2,4,50,50,0,0,0,0
"getit.library.nyu.edu/resolve?umlaut.referent_id=18673025&url_ver=Z39.88-2004&url_ctx_fmt=info:ofi/fmt:kev:mtx:ctx&ctx_ver=Z39.88-2004&ctx_tim=2021-11-14T20:23:33-05:00&ctx_id=&ctx_enc=info:ofi/enc:UTF-8&rft.atitle=The+emerging+complexity+of+gene+fusions+in+cancer.&rft.au=Mertens+F,&rft.aulast=Mertens+F&rft.coden=NRCAC4&rft.date=20150601&rft.day=1&rft.eissn=1474-1768&rft.epage=81&rft.genre=article&rft.ID=pmid:25998716&rft.issn=1474-175X&rft.issue=6&rft.issue_start=6&rft.jtitle=Nature+Reviews+Cancer&rft.language=eng&rft.lccn=++2002242057&rft.month=6&rft.object_id=111022849554074&rft.pages=371-81&rft.place=ENGLAND&rft.pub=Nature+Pub.+Group&rft.spage=371&rft.stitle=NAT+REV+CANCER&rft.title=Nature+Reviews.+Cancer&rft.volume=15&rft.volume_start=15&rft_val_fmt=info:ofi/fmt:kev:mtx:journal&rfr_id=info:sid/EBSCO:MEDLINE+with+Full+Text:25998716",Article | The emerging complexity of gene fusions in cancer. | Mertens F 2015 Jun 01 | Published in Journal Nature Reviews Cancer Volume 15 Issue 6 Page 371 81. | ISSN:1474-175X,7,0,0,7,7,14,50,50,0,0,0,0
getit.library.nyu.edu/resolve?umlaut.referent_id=18698404&url_ver=Z39.88-2004&url_ctx_fmt=info:ofi/fmt:kev:mtx:ctx&ctx_ver=Z39.88-2004&ctx_tim=2021-11-17T12:10:27-05:00&ctx_id=&ctx_enc=info:ofi/enc:UTF-8&rft.issn=17296242&rft.jtitle=South+Asian+journal&rft.object_id=1000000000298909&rft_val_fmt=info:ofi/fmt:kev:mtx:journal&rft_id=info:lccn/2004234074&rfr_id=info:sid/sfxit.com:citation,Journal | South Asian journal |  | ISSN:1729-6242 | undefined,0,0,3,0,3,3,0,100,0,0,0,0
getit.library.nyu.edu/resolve?umlaut.referent_id=18793671&url_ver=Z39.88-2004&url_ctx_fmt=info:ofi/fmt:kev:mtx:ctx&ctx_ver=Z39.88-2004&ctx_tim=2022-01-21T00:41:28-05:00&ctx_id=&ctx_enc=info:ofi/enc:UTF-8&rft.jtitle=Journal+for+Islamic+Studies&rft_val_fmt=info:ofi/fmt:kev:mtx:journal&rfr_id=info:sid/umlaut.code4lib.org:opensearch,Journal | Journal for Islamic studies |  | ISSN:0257-7062 | undefined,0,0,4,0,4,4,0,100,0,0,0,0
"getit.library.nyu.edu/resolve?umlaut.referent_id=18839328&url_ver=Z39.88-2004&url_ctx_fmt=info:ofi/fmt:kev:mtx:ctx&ctx_ver=Z39.88-2004&ctx_tim=2022-02-22T12:48:29-05:00&ctx_id=&ctx_enc=info:ofi/enc:UTF-8&rft.atitle=Promoting+inclusion+with+occupational+therapy:+A+coteaching+model&rft.au=Silverman,+Fern&rft.aufirst=Fern&rft.auinit=F&rft.aulast=Silverman&rft.date=2011&rft.doi=10.1080/19411243.2011.595308&rft.eissn=1941-1251&rft.epage=107&rft.genre=article&rft.issn=1941-1243&rft.issue=2&rft.issue_start=2&rft.jtitle=Journal+of+occupational+therapy,+schools+&+early+intervention=&rft.language=eng&rft.lccn=++2008214313&rft.month=04&rft.object_id=1000000000389170&rft.place=New+York,+N.Y.&rft.pub=Haworth+Press,+Inc.&rft.spage=100&rft.stitle=JOURNAL+OF+OCCUPATIONAL+THERAPY,+SCHOOLS+AND+EARLY+INTERVENTION&rft.title=Journal+of+occupational+therapy,+schools+&+early+intervention=&rft.volume=4&rft.volume_start=4&rft_val_fmt=info:ofi/fmt:kev:mtx:journal&rft_id=info:doi/10.1080/19411243.2011.595308&rfr_id=info:sid/google",Article | Promoting inclusion with occupational therapy A coteaching model | Silverman Fern 2011 | Published in Journal Journal of occupational therapy schools Volume 4 Issue 2 Page 100 107. | ISSN:1941-1243,1,0,0,1,1,2,50,50,0,0,0,0
"getit.library.nyu.edu/resolve?umlaut.referent_id=18888609&url_ver=Z39.88-2004&url_ctx_fmt=info:ofi/fmt:kev:mtx:ctx&ctx_ver=Z39.88-2004&ctx_tim=2022-03-21T00:13:30-04:00&ctx_id=&ctx_enc=info:ofi/enc:UTF-8&rft.atitle=Cycles+of+investment:+Bicycle+infrastructure,+gentrification,+and+the+restructuring+of+the+San+Francisco+bay+area&rft.date=20150101&rft.day=1&rft.eissn=1472-3409&rft.genre=article&rft.issn=0308518X&rft.issue=1&rft.issue_start=1&rft.jtitle=Environment+and+Planning+A+:+Economy+and+Space&rft.language=eng&rft.lccn=++2005267542&rft.month=1&rft.object_id=954925515530&rft.oclcnum=1945034&rft.place=ENGLAND&rft.private_data=John,+S.edselc.2-52.0-8492181819920150101Scopus\u00ae&rft.pub=Pion+Ltd.]&rft.spage=121&rft.stitle=ENVIRON+PLANN+A&rft.title=Environment+and+Planning+A&rft.volume=47&rft.volume_start=47&rft.au=John,+S&rft.aulast=John,+S.&rft_val_fmt=info:ofi/fmt:kev:mtx:journal&rfr_id=info:sid/EBSCO:Scopus\u00ae",Article | Cycles of investment Bicycle infrastructure gentrification and the restructuring of the San Francisco bay area | John S 2015 Jan 01 | Published in Journal Environment and Planning A Volume 47 Issue 1 Page 121. | ISSN:0308-518X,1,0,0,1,1,2,50,50,0,0,0,0
"getit.library.nyu.edu/resolve?umlaut.referent_id=18900023&url_ver=Z39.88-2004&url_ctx_fmt=info:ofi/fmt:kev:mtx:ctx&ctx_ver=Z39.88-2004&ctx_tim=2022-04-02T12:11:39-04:00&ctx_id=&ctx_enc=info:ofi/enc:UTF-8&rft.atitle=Expansion+of+telehealth+in+primary+care+during+the+COVID-19+pandemic:+benefits+and+barriers.&rft.au=Dhaliwal+JK,&rft.aulast=Dhaliwal+JK&rft.date=20210607&rft.day=7&rft.eissn=2327-6924&rft.genre=article&rft.issn=2327-6886&rft.issue=2&rft.issue_start=2&rft.jtitle=Journal+of+the+American+Association+of+Nurse+Practitioners&rft.language=eng&rft.lccn=++2013201884&rft.month=6&rft.object_id=2670000000395490&rft.place=UNITED+STATES&rft.private_data=Dhaliwal+JK3410750120210607MEDLINE+with+Full+Text&rft.pub=John+Wiley+&+Sons+Ltd=&rft.spage=224&rft.stitle=J+AM+ASSOC+NURSE+PRA&rft.title=Journal+of+the+American+Association+of+Nurse+Practitioners&rft.volume=34&rft.volume_start=34&rft_val_fmt=info:ofi/fmt:kev:mtx:journal&rfr_id=info:sid/EBSCO:MEDLINE+with+Full+Text",Article | Expansion of telehealth in primary care during the COVID-19 pandemic benefits and barriers. | Dhaliwal JK 2021 Jun 07 | Published in Journal Journal of the American Association of Nurse Practitioners Volume 34 Issue 2 Page 224. | ISSN:2327-6886,2,0,0,2,2,4,50,50,0,0,0,0
"getit.library.nyu.edu/resolve?umlaut.referent_id=18931752&url_ver=Z39.88-2004&url_ctx_fmt=info:ofi/fmt:kev:mtx:ctx&ctx_ver=Z39.88-2004&ctx_tim=2022-04-11T19:35:08-04:00&ctx_id=&ctx_enc=info:ofi/enc:UTF-8&rft.atitle=Establishing+Fidelity+of+Occupational+Performance+Coaching&rft.au=Dunn,+Winnie&rft.aufirst=Winnie&rft.auinit=W&rft.aulast=Dunn&rft.coden=OOPHAA&rft.date=2018&rft.day=18&rft.doi=10.1177/1539449217724755&rft.eissn=1938-2383&rft.epage=104&rft.genre=article&rft.issn=1539-4492&rft.issue=2&rft.issue_start=2&rft.jtitle=OTJR:+Occupation,+Participation,+and+Health&rft.language=fre&rft.lccn=++2002211454&rft.month=04&rft.object_id=111030131078004&rft.oclcnum=49479593&rft.place=UNITED+STATES&rft.pub=Slack,+Inc.&rft.spage=96&rft.stitle=OTJR-OCCUP+PART+HEAL&rft.title=OTJR:+Occupation,+Participation,+and+Health&rft.volume=38&rft.volume_start=38&rft_val_fmt=info:ofi/fmt:kev:mtx:journal&rft_id=info:doi/10.1177/1539449217724755&rfr_id=info:sid/google",Article | Establishing Fidelity of Occupational Performance Coaching | Dunn Winnie 2018 | Published in Journal OTJR Occupation Participation and Health Volume 38 Issue 2 Page 96 104. | ISSN:1539-4492,0,1,1,1,1,2,50,50,0,0,0,0
"getit.library.nyu.edu/resolve?umlaut.referent_id=18931935&url_ver=Z39.88-2004&url_ctx_fmt=info:ofi/fmt:kev:mtx:ctx&ctx_ver=Z39.88-2004&ctx_tim=2022-04-14T21:17:23-04:00&ctx_id=&ctx_enc=info:ofi/enc:UTF-8&rft.au=Bodin,+Jean&rft.aucorp=Bodin,+Jean;+Franklin,+Julian+H.&rft.aufirst=Jean,&rft.aulast=Bodin&rft.btitle=On+sovereignty+:+four+chapters+from+the+six+books+of+the+commonwealth&rft.date=1992&rft.eisbn=0-511-80281-1&rft.eisbn_additional=978-0-511-80281-2&rft.eissn=0521342066+9780521342063+0521349923+9780521349925&rft.genre=book&rft.isbn=0511802811&rft.isbn_additional=978-0-521-34992-5&rft.language=eng&rft.lccn=91019029&rft.object_id=2560000000091611&rft.oclcnum=818234291&rft.place=Cambridge+[England]+;+New+York&rft.primo=dedupmrg490082093&rft.private_data=<nyu_aleph>003984836</nyu_aleph><grp_id>553189221</grp_id><oa></oa><url></url>&rft.pub=Cambridge+University+Press&rft.title=On+sovereignty+:+four+chapters+from+the+six+books+of+the+commonwealth&rft_val_fmt=info:ofi/fmt:kev:mtx:book&rfr_id=info:sid/primo.exlibrisgroup.com:primo-dedupmrg490082093",Book | On sovereignty four chapters from the Six books of the commonwealth | Bodin Jean 1992 |  | Publisher:Cambridge University Press ISBN:0511802811,0,0,1,0,1,1,0,100,0,0,0,0
getit.library.nyu.edu/resolve?url_ver=Z39.88-2004&rft.genre=book&rfr_id=info:sid/literatum:ar&rft.aucorp=American Federation of Teachers&rft.date=2006&rft.btitle=Smart Testing: Let's Get It Right&rft.pub=Am. Fed. Teach,Book | Smart Testing Let's Get It Right | American Federation of Teachers 2006 |  | Publisher:Am Fed Teach,0,0,0,0,0,0,n/a,n/a,0,0,0,0
"getit.library.nyu.edu/resolve?url_ver=Z39.88-2004&rft_val_fmt=info:ofi/fmt:kev:mtx:book&genre=book&sid=ProQ:ProQ:indexislamicus&atitle=&title=Ottoman+silk+furnishing+fabrics+in+the+Doris+Duke+Foundation+for+Islamic+Art:+fashion+and+production,+1600-1750&issn=&date=2012-01-01&volume=&issue=&spage=31&au=Phillips,+Amanda&isbn=&jtitle=&btitle=Ottoman+silk+furnishing+fabrics+in+the+Doris+Duke+Foundation+for+Islamic+Art:+fashion+and+production,+1600-1750&rft_id=info:eric/M1103980&rft_id=info:doi/","Book | Ottoman silk furnishing fabrics in the Doris Duke Foundation for Islamic Art fashion and production 1600-1750 | Phillips Amanda 2012 Jan 01 | Published in Book Page 31. | ",0,0,0,0,0,0,n/a,n/a,0,0,0,0
"getit.library.nyu.edu/resolve?url_ver=Z39.88-2004&rft_val_fmt=info:ofi/fmt:kev:mtx:journal&genre=article&sid=ProQ:ProQ:agricolamodule&atitle=The+Standard+American+Diet+and+Its+Relationship+to+the+Health+Status+of+Americans&title=Nutrition+in+clinical+practice&issn=19412452&date=2010-12-01&volume=25&issue=6&spage=603&au=Grotto,+David;Zied,+Elisa&isbn=&jtitle=Nutrition+in+clinical+practice&btitle=&rft_id=info:eric/IND606242566&rft_id=info:doi/10.1177/0884533610386234",Article | The Standard American Diet and Its Relationship to the Health Status of Americans | Grotto David 2010 Dec 01 | Published in Journal Nutrition in clinical practice Volume 25 Issue 6 Page 603 612. | ISSN:0884-5336,0,1,1,1,1,2,50,50,0,0,0,0
"getit.library.nyu.edu/resolve?url_ver=Z39.88-2004&rft_val_fmt=info:ofi/fmt:kev:mtx:journal&genre=article&sid=ProQ:ProQ:eric&atitle=Harvard+and+Yale:+Too+Much+Affirmative+Action+or+Too+Little?&title=New+England+Journal+of+Higher+Education&issn=19385978&date=2020-09-01&volume=&issue=&spage=&au=Maguire,+John&isbn=&jtitle=New+England+Journal+of+Higher+Education&btitle=&rft_id=info:eric/EJ1273112&rft_id=info:doi/",Article | Harvard and Yale Too Much Affirmative Action or Too Little? | Maguire John 2020 Sep 01 | Published in Journal New England Journal of Higher Education. | ISSN:1938-5978,0,0,0,0,0,0,n/a,n/a,0,0,0,0
"getit.library.nyu.edu/resolve?url_ver=Z39.88-2004&rft_val_fmt=info:ofi/fmt:kev:mtx:journal&genre=article&sid=ProQ:ProQ:eric&atitle=The+Evolving+Roles+of+Faculty+Learning+Communities:+A+University/High+School+Literacy+Partnership&title=Theory+Into+Practice&issn=00405841&date=2008-10-01&volume=47&issue=4&spage=327&au=Jetton,+Tamara+L.;Cancienne,+Mary+Beth;Greever,+Brenda&isbn=&jtitle=Theory+Into+Practice&btitle=&rft_id=info:eric/EJ813230&rft_id=info:doi/",Article | The Evolving Roles of Faculty Learning Communities A University/High School Literacy Partnership | Jetton Tamara L 2008 Oct 01 | Published in Journal Theory Into Practice Volume 47 Issue 4 Page 327. | ISSN:0040-5841,2,5,1,7,3,10,70,30,0,0,0,0
"getit.library.nyu.edu/resolve?url_ver=Z39.88-2004&rft_val_fmt=info:ofi/fmt:kev:mtx:journal&genre=article&sid=ProQ:ProQ:politicalscience&atitle=Black+Flesh+Female:+Zakiyyah+Iman+Jackson's+Becoming+Human:+Matter+and+Meaning+in+an+Antiblack+World&title=Theory+&+Event=&issn=25726633&date=2021-10-01&volume=24&issue=4&spage=1150&au=Ferguson,+Kennan&isbn=&jtitle=Theory+&+Event=&btitle=&rft_id=info:eric/&rft_id=info:doi/",Article | Black Flesh Female Zakiyyah Iman Jackson's Becoming Human Matter and Meaning in an Antiblack World | Ferguson Kennan 2021 Oct 01 | Published in Journal Theory Volume 24 Issue 4 Page 1150. | ISSN:1092-311X,3,0,0,3,3,6,50,50,0,0,0,0
"getit.library.nyu.edu/resolve?url_ver=Z39.88-2004&rft_val_fmt=info:ofi/fmt:kev:mtx:journal&genre=unknown&sid=ProQ:ProQ:iba&atitle=The+design+and+setting+of+Inigo+Jones's+Queen's+House,+1616-40&title=Court+historian&issn=14629712&date=2006-12-01&volume=11&issue=2&spage=135&au=Higgott,+Gordon&isbn=&jtitle=Court+historian&btitle=&rft_id=info:eric/20081231-00002751&rft_id=info:doi/",The design and setting of Inigo Jones's Queen's House 1616-40 | Higgott Gordon 2006 Dec 01 | Published in Court historian Volume 11 Issue 2 Page 135. | ISSN:1462-9712 | undefined,1,0,0,1,1,2,50,50,0,0,0,0
getit.library.nyu.edu/resolve?url_ver=Z39.88-2004&url_ctx_fmt=info:ofi/fmt:kev:mtx:ctx&ctx_tim=2011-11-10T13:05:53-05:00&ctx_ver=Z39.88-2004&ctx_enc=info:ofi/enc:UTF-8&ctx_id=&rfr_id=info:sid/sfxit.com:citation&rft.issn=0022-1058&rft_val_fmt=info:ofi/fmt:kev:mtx:journal,Journal | The Journal of extra-corporeal technology |  | ISSN:0022-1058 | undefined,0,0,1,0,1,1,0,100,0,0,0,0
getit.library.nyu.edu/resolve?url_ver=Z39.88-2004&url_ctx_fmt=info:ofi/fmt:kev:mtx:ctx&ctx_ver=Z39.88-2004&ctx_tim=2021-07-12T18:36:57-04:00&ctx_id=&ctx_enc=info:ofi/enc:UTF-8&rft.genre=article&rft.isCitationLinker=Y&rft.doi=10.1016/j.cub.2021.05.011&rft_val_fmt=info:ofi/fmt:kev:mtx:article&rft_id=info:doi/10.1016/j.cub.2021.05.011&rfr_id=info:sid/primo.exlibrisgroup.com:primo4-article-cLinker,Article | Decision making Making sense of non-sensory neurons | Rodgers Chris C 2021 | Published in Journal CURRENT BIOLOGY Volume 31 Issue 13 Page R845 R848. | ISSN:0960-9822,1,0,0,1,1,2,50,50,0,0,0,0
getit.library.nyu.edu/resolve?url_ver=Z39.88-2004&url_ctx_fmt=info:ofi/fmt:kev:mtx:ctx&ctx_ver=Z39.88-2004&ctx_tim=2021-10-21T00:53:12-04:00&ctx_id=&ctx_enc=info:ofi/enc:UTF-8&rft.genre=article&rft.isCitationLinker=Y&rft.doi=10.1002/0471142727.mb1206s36&rft_val_fmt=info:ofi/fmt:kev:mtx:article&rft_id=info:doi/10.1002/0471142727.mb1206s36&rfr_id=info:sid/primo.exlibrisgroup.com:primo4-article-cLinker,Article | Purification ofDNABinding Proteins Using Biotin/Streptavidin Affinity Systems | Chodosh Lewis A 1996 Oct | Published in Journal Current protocols in molecular biology Volume 36 Issue 1. | ISSN:1934-3639,1,1,1,2,2,4,50,50,0,0,0,0